bus_company,stop_name,latitude,longitude
A&MRTS,Arcata Transit Center,40.868186,-124.090548
A&MRTS,10th & G St.,40.869739,-124.085369
A&MRTS,11th & Q St. ,40.872596,-124.095506
A&MRTS,11th & H St.,40.870719,-124.086438
A&MRTS,11th & K St.,40.871429,-124.08955
A&MRTS,Greenview Market,40.87409,-124.101049
A&MRTS,Zehndner & S St.,40.875758,-124.099301
A&MRTS,Zehndner & Q St.,40.875305,-124.094968
A&MRTS,Minor Theatre,40.869928,-124.086554
A&MRTS,Arcata Plaza,40.86885,-124.086951
A&MRTS,6th & H St. ,40.866446,-124.087905
A&MRTS,Uniontown Shopping Center,40.865821,-124.085733
A&MRTS,Arcata City Hall,40.867537,-124.085105
A&MRTS,13th & G St.,40.872086,-124.084472
A&MRTS,16th & G St.,40.874162,-124.083733
A&MRTS,Cal Poly Humboldt Library,40.877116,-124.080419
A&MRTS,Camp Curtis,40.88933,-124.079089
A&MRTS,14th & B St.,40.871747,-124.079283
A&MRTS,Union & 14th St.,40.871343,-124.077288
A&MRTS,Union & 7th St.,40.865658,-124.077984
A&MRTS,Arcata Community Center,40.863635,-124.077067
A&MRTS,Parkway Apartments,40.863146,-124.077155
A&MRTS,Bayside Rd. & Buttermilk Ln.,40.857378,-124.071449
A&MRTS,Chester Ave. & Beverly Dr.,40.858388,-124.06858
A&MRTS,Crescent Way,40.859207,-124.073203
A&MRTS,Union Street Charter School,40.863626,-124.077041
A&MRTS,18th & G St.,40.875944,-124.083326
A&MRTS,L.K. Wood Blvd.,40.873309,-124.081502
A&MRTS,Sunset Skate Park,40.879216,-124.084461
A&MRTS,Foster Ave. & Alliance Rd.,40.879231,-124.091187
A&MRTS,Alliance Rd. & Stromberg Ave.,40.884351,-124.090239
A&MRTS,Alliance Rd. & Hilfiker Dr. ,40.886159,-124.088955
A&MRTS,Alliance Rd. & Spear Ave.,40.8903,-124.087691
A&MRTS,Mad River Hospital,40.896515,-124.092996
A&MRTS,Lazy J Ranch Trailer Park,40.900542,-124.091404
A&MRTS,Valley East Blvd.,40.903865,-124.081054
A&MRTS,Valley West Blvd.,40.902611,-124.083532
A&MRTS,Boyd Rd. & Giuntoli Ln.,40.904861,-124.075564
A&MRTS,Renner Station,40.901845,-124.073548
A&MRTS,18th & H St.,40.876005,-124.084239
A&MRTS,16th & H St.,40.874692,-124.084757
A&MRTS,14th & H St.,40.87295,-124.08541
A&MRTS,6th & H St.,40.866471,-124.087862
A&MRTS,13th & G St.,40.872086,-124.084475
A&MRTS,16th & G St.,40.874162,-124.083733
A&MRTS,Air Stream Ave. & Giuntoli Ln.,40.905043,-124.076746
A&MRTS,Mad River Gardens,40.901201,-124.091417
A&MRTS,L.K. Wood Blvd. & California Ave.,40.883444,-124.080127
A&MRTS,L.K. Wood Blvd. & Ridge Rd.,40.885704,-124.079257
A&MRTS,St. Louis & West End Rd.,40.888992,-124.08152
Eureka Transit System,3rd & H St.,40.803585,-124.164304
Eureka Transit System,4th & B St. ,40.80223,-124.170775
Eureka Transit System,Koster & Washington St. ,40.797733,-124.179089
Eureka Transit System,Costco,40.792575,-124.180664
Eureka Transit System,Broadway & W Hawthorne St.,40.789287,-124.179541
Eureka Transit System,Forest Service,40.782527,-124.185634
Eureka Transit System,Bayshore Mall,40.780426,-124.188799
Eureka Transit System,Harris St. & Central Ave.,40.780501,-124.179918
Eureka Transit System,Harris & Elizabeth St. ,40.780483,-124.17721
Eureka Transit System,Harris & Summer St. ,40.780442,-124.173437
Eureka Transit System,Harris & Lowell St. ,40.780411,-124.168094
Eureka Transit System,Harris & F St. ,40.780358,-124.163472
Eureka Transit System,H St. & Manzanita Ave. ,40.775899,-124.161432
Eureka Transit System,H & Oak St. ,40.771246,-124.161548
Eureka Transit System,Moose Lodge,40.763942,-124.15485
Eureka Transit System,Campton & Leslie Rd. ,40.76066,-124.15434
Eureka Transit System,Campton & Herron Rd.,40.758689,-124.152041
Eureka Transit System,Excelsior & Campton Rd. ,40.758908,-124.14952
Eureka Transit System,Excelsior Rd. & Holly St. ,40.763923,-124.149384
Eureka Transit System,Holly & Walnut St. ,40.764038,-124.145679
Eureka Transit System,Walnut St. & Cypress Ave. ,40.766062,-124.142936
Eureka Transit System,Walnut & Fern St. ,40.769502,-124.142887
Eureka Transit System,Walnut & Redwood St. ,40.771641,-124.142875
Eureka Transit System,Sequoia Park,40.775236,-124.144411
Eureka Transit System,W & Chester St. ,40.778514,-124.144384
Eureka Transit System,Hodgson & T St. ,40.778859,-124.147934
Eureka Transit System,Hodgson & Q St. ,40.778855,-124.151124
Eureka Transit System,Hodgson & J St. ,40.778761,-124.158849
Eureka Transit System,California & Dollison St. ,40.784258,-124.172003
Eureka Transit System,California & W Long St. ,40.785255,-124.171894
Eureka Transit System,California & Del Norte St. ,40.790532,-124.171853
Eureka Transit System,California & 15th St. ,40.793008,-124.171816
Eureka Transit System,California & W Simpson St.,40.795655,-124.171798
Eureka Transit System,California & 7th St. ,40.799312,-124.17187
Eureka Transit System,7th & C St. ,40.799819,-124.168539
Eureka Transit System,Harris & K St. ,40.780294,-124.157985
Eureka Transit System,Harris & Q St. ,40.780346,-124.151101
Eureka Transit System,Harris & U St. ,40.780352,-124.146713
Eureka Transit System,Harris St. & Harrison Ave. ,40.780423,-124.139598
Eureka Transit System,Providence St. Joseph's Hospital,40.784466,-124.139567
Eureka Transit System,Harrison Ave. & Buhne St. ,40.786018,-124.139725
Eureka Transit System,General St. Joseph's Hospital Campus,40.787922,-124.139693
Eureka Transit System,Harrison Ave. & 18th St. ,40.792104,-124.139665
Eureka Transit System,Silvercrest Residence,40.801497,-124.14746
Eureka Transit System,Myrtle & Sunny Ave. ,40.797982,-124.144628
Eureka Transit System,Myrtle Ave. & Dean St. ,40.797181,-124.141111
Eureka Transit System,Myrtle Ave. & Park St. ,40.795043,-124.135917
Eureka Transit System,Lafayette Elementary School,40.795048,-124.13226
Eureka Transit System,Park St. & Nedra Ave. ,40.79505,-124.129596
Eureka Transit System,Nedra Ave. & 18th St. ,40.792263,-124.129426
Eureka Transit System,Myrtle Ave. & 18th St. ,40.792162,-124.13418
Eureka Transit System,Myrtletown Market,40.783795,-124.129602
Eureka Transit System,Myrtle & Hall Ave. ,40.783014,-124.126174
Eureka Transit System,Redwood Acres Raceway,40.780565,-124.1276
Eureka Transit System,Granada Rehab Center,40.78055,-124.13628
Eureka Transit System,Harris & P St. ,40.780449,-124.152553
Eureka Transit System,Henderson & A St. ,40.782974,-124.171224
Eureka Transit System,Henderson & Summer St. ,40.783062,-124.173961
Eureka Transit System,Henderson & Spring St. ,40.783069,-124.177618
Eureka Transit System,Henderson St. & Central Ave. ,40.782231,-124.180377
Eureka Transit System,2nd & L St. ,40.805157,-124.159921
Eureka Transit System,3rd & T St. ,40.805511,-124.151374
Eureka Transit System,3rd & V St. ,40.805491,-124.14916
Eureka Transit System,2nd & Y St. ,40.806161,-124.145987
Eureka Transit System,2nd & V St. ,40.806392,-124.149009
Eureka Transit System,Buhne & S St. ,40.786131,-124.149556
Eureka Transit System,Buhne & N St. ,40.786156,-124.154789
Eureka Transit System,Buhne & J St. ,40.78618,-124.158805
Eureka Transit System,Buhne & F St. ,40.786208,-124.163363
Eureka Transit System,Dollison & E St. ,40.784216,-124.164572
Eureka Transit System,Huntoon & I St. ,40.787184,-124.160034
Eureka Transit System,Del Norte & I St. ,40.790655,-124.160007
Eureka Transit System,15th & I St. ,40.794436,-124.160711
Eureka Transit System,12th & I St. ,40.796831,-124.161286
Eureka Transit System,9th & H St. ,40.798817,-124.163091
Eureka Transit System,12th & H St. ,40.796664,-124.162566
Eureka Transit System,15th & H St. ,40.794194,-124.161959
Eureka Transit System,Del Norte & H St. ,40.790351,-124.161317
Eureka Transit System,Huntoon & H St. ,40.786857,-124.161358
Eureka Transit System,Russ & H St. ,40.781901,-124.161397
Eureka Transit System,Wood & S St. ,40.781108,-124.149081
Eureka Transit System,Carson & S St. ,40.784154,-124.14905
Eureka Transit System,Catherine L Zane Middle School,40.789037,-124.149004
Eureka Transit System,West Ave. & 17th St. ,40.793926,-124.148095
Eureka Transit System,West Ave. & 13th St. ,40.797757,-124.148079
Eureka Transit System,Burre Dental Center,40.800317,-124.14924
Eureka Transit System,6th & O St. ,40.802462,-124.1563
Eureka Transit System,6th & L St. ,40.802021,-124.159498
Eureka Transit System,6th & G St. ,40.801256,-124.164991
Eureka Transit System,6th & C St. ,40.800664,-124.169327
Eureka Transit System,Summer & 7th St. ,40.799338,-124.173682
Eureka Transit System,Summer & Clark St. ,40.79628,-124.174047
Eureka Transit System,Summer & 15th St. ,40.792985,-124.174094
Eureka Transit System,Summer St. & Wabash Ave. ,40.79133,-124.174098
Eureka Transit System,California & Buhne St. ,40.786325,-124.171981
Eureka Transit System,Eureka Veteran Affairs Clinic,40.781203,-124.18045
Eureka Transit System,Utah St. & South Ave. ,40.7775,-124.180242
Eureka Transit System,Utah St. & Allard Ave. ,40.773394,-124.180092
Eureka Transit System,Little Fairfield St. & Allard Ave. ,40.77294,-124.182035
Eureka Transit System,Little Fairfield St. & Sea Ave. ,40.769675,-124.182059
Eureka Transit System,Bingen & Lewis Ave. ,40.7669,-124.18091
Eureka Transit System,Alpha St. & Meyers Ave. ,40.765499,-124.178047
Eureka Transit System,Eureka St. & Leonard Dr. ,40.760931,-124.179524
Eureka Transit System,Vance & Herrick Ave. ,40.75806,-124.181094
Eureka Transit System,Herrick Ave. & Elk River Rd. ,40.758108,-124.187361
Eureka Transit System,Broadway St. & McCullens Ave. ,40.773915,-124.190755
Eureka Transit System,Huntoon & E St. ,40.786849,-124.164527
Eureka Transit System,Del Norte & E St. ,40.790366,-124.16453
Eureka Transit System,15th & E St.,40.793781,-124.165051
Eureka Transit System,Clark & E St. ,40.796296,-124.165655
Eureka Transit System,9th & E St. ,40.798635,-124.166255
Redwood Transit System,Trinidad Park & Ride,41.06232,-124.140149
Redwood Transit System,Central Ave. & Murray Rd. ,40.956182,-124.100754
Redwood Transit System,Moonstone Beach,41.032205,-124.109809
Redwood Transit System,Clam Beach Inn,40.993151,-124.111897
Redwood Transit System,Grange Rd. ,40.978058,-124.100512
Redwood Transit System,Eureka/Arcata Airport Terminal,40.970553,-124.10656
Redwood Transit System,McKinleyville High School,40.954699,-124.110489
Redwood Transit System,Railroad Dr. & Central Ave. ,40.946715,-124.101094
Redwood Transit System,McKinleyville Shopping Center,40.943362,-124.100892
Redwood Transit System,School Rd. & Central Ave. ,40.934591,-124.100988
Redwood Transit System,Central & Bella Vista Ave. ,40.927077,-124.100733
Redwood Transit System,5th & G St. ,40.865419,-124.08699
Redwood Transit System,Manila Community Center,40.845333,-124.168282
Redwood Transit System,5th & U St. ,40.803813,-124.150263
Redwood Transit System,5th & O St. ,40.803228,-124.156006
Redwood Transit System,5th & K St. ,40.802663,-124.160225
Redwood Transit System,5th & H St. ,40.802213,-124.163557
Redwood Transit System,5th & D St. ,40.801486,-124.168591
Redwood Transit System,Spruce Point,40.743291,-124.199079
Redwood Transit System,King Salmon Ave. ,40.736006,-124.210059
Redwood Transit System,Fields Landing Dr. & Orchard Ave. ,40.724923,-124.214514
Redwood Transit System,College of the Redwoods,40.698251,-124.195949
Redwood Transit System,Scenic & Loleta Dr. ,40.641501,-124.222991
Redwood Transit System,Fernbridge Dr. ,40.615967,-124.20107
Redwood Transit System,Palmer Blvd. ,40.604556,-124.178372
Redwood Transit System,11th & N St. Fortuna,40.598816,-124.155283
Redwood Transit System,Fortuna Blvd. & Smith Ln. ,40.59222,-124.14694
Redwood Transit System,Redwood Village Shopping Center,40.584694,-124.14466
Redwood Transit System,Providence Redwood Memorial Hospital,40.583014,-124.135909
Redwood Transit System,Rohnerville Rd. & School St. ,40.570143,-124.127055
Redwood Transit System,School St. & Ronald Ave. ,40.570155,-124.134196
Redwood Transit System,Fortuna Park & Ride,40.575555,-124.148016
Redwood Transit System,Fortuna Overlook,40.577643,-124.154416
Redwood Transit System,Center St. & Rigby Ave. ,40.501973,-124.097764
Redwood Transit System,Rigby Ave. & Davis St. ,40.499344,-124.097216
Redwood Transit System,Rio Dell City Hall,40.498371,-124.106148
Redwood Transit System,Hoby's Market,40.484853,-124.101046
Redwood Transit System,4th & U St. Eureka,40.80477,-124.150251
Redwood Transit System,4th & O St. Eureka,40.804053,-124.156341
Redwood Transit System,4th & L St. Eureka,40.803731,-124.159868
Redwood Transit System,4th & H St. Eureka,40.803099,-124.164408
Redwood Transit System,Campton Heights Market,40.570271,-124.136558
Redwood Transit System,O'Riley's Auto Parts Fortuna,40.583907,-124.146957
Willow Creek Transit System,Hwy 96 & Hwy 299,40.939694,-123.631536
Willow Creek Transit System,Blue Lake City Hall,40.88257,-123.991619
Willow Creek Transit System,Blue Lake Casino,40.884433,-123.997196